"任务编号","任务标题","阶段","负责人","承接团队","计划开始","计划结束","实际开始","实际结束","完成条件","记录状态","有效状态","关联物件编号","缺失物件编号","现场核对说明","证据链接","资料类型","界面输入时区","交付编号","生成时间","场景名称","本地项目编号"
"c0a00000-0000-4000-8000-000000000100","演练：确认活动目标与交付范围","准备","演练统筹A","","2026-10-10T10:00:00+08:00","2026-10-10T11:00:00+08:00","","","写清假设客户目标、30人规模、服务边界与待确认项；不把演练目标当作真实客户承诺。","未开始","未开始","","","","","演练","Asia/Shanghai","community-open-day-rehearsal","2026-10-07T09:25:31.005Z","假设演练｜30人社群共创开放日","c0a00000-0000-4000-8000-000000000900"
"c0a00000-0000-4000-8000-000000000101","演练：核对场地与进撤场条件","准备","演练场务B","","2026-10-10T14:00:00+08:00","2026-10-10T15:00:00+08:00","","","取得实际尺寸、出入口和固定设施资料；80㎡与布局仅为假设，场地准入、容量和通道须由实际场地方确认。","未开始","未开始","","","","","演练","Asia/Shanghai","community-open-day-rehearsal","2026-10-07T09:25:31.005Z","假设演练｜30人社群共创开放日","c0a00000-0000-4000-8000-000000000900"
"c0a00000-0000-4000-8000-000000000102","演练：确认物料与外包交接","准备","演练统筹A","假设搭建团队（未确认）","2026-10-12T14:00:00+08:00","2026-10-12T15:00:00+08:00","","","核对39件演练物料、装卸时间、搭建范围、报价及缺货替代；未获确认的团队与价格保留待定。","未开始","未开始","c0a00000-0000-4000-8000-000000000001;c0a00000-0000-4000-8000-000000000002;c0a00000-0000-4000-8000-000000000003;c0a00000-0000-4000-8000-000000000004;c0a00000-0000-4000-8000-000000000005;c0a00000-0000-4000-8000-000000000006;c0a00000-0000-4000-8000-000000000007;c0a00000-0000-4000-8000-000000000008;c0a00000-0000-4000-8000-000000000009;c0a00000-0000-4000-8000-000000000010;c0a00000-0000-4000-8000-000000000011;c0a00000-0000-4000-8000-000000000012;c0a00000-0000-4000-8000-000000000013;c0a00000-0000-4000-8000-000000000014;c0a00000-0000-4000-8000-000000000015;c0a00000-0000-4000-8000-000000000016;c0a00000-0000-4000-8000-000000000017;c0a00000-0000-4000-8000-000000000018;c0a00000-0000-4000-8000-000000000019;c0a00000-0000-4000-8000-000000000020;c0a00000-0000-4000-8000-000000000021;c0a00000-0000-4000-8000-000000000022;c0a00000-0000-4000-8000-000000000023;c0a00000-0000-4000-8000-000000000024;c0a00000-0000-4000-8000-000000000025;c0a00000-0000-4000-8000-000000000026;c0a00000-0000-4000-8000-000000000027;c0a00000-0000-4000-8000-000000000028;c0a00000-0000-4000-8000-000000000029;c0a00000-0000-4000-8000-000000000030;c0a00000-0000-4000-8000-000000000031;c0a00000-0000-4000-8000-000000000032;c0a00000-0000-4000-8000-000000000033;c0a00000-0000-4000-8000-000000000034;c0a00000-0000-4000-8000-000000000035;c0a00000-0000-4000-8000-000000000036;c0a00000-0000-4000-8000-000000000037;c0a00000-0000-4000-8000-000000000038;c0a00000-0000-4000-8000-000000000039","","","","演练","Asia/Shanghai","community-open-day-rehearsal","2026-10-07T09:25:31.005Z","假设演练｜30人社群共创开放日","c0a00000-0000-4000-8000-000000000900"
"c0a00000-0000-4000-8000-000000000103","演练：确认对外说明与报名流程","准备","演练统筹A","","2026-10-14T14:00:00+08:00","2026-10-14T15:00:00+08:00","","","形成来宾版时间地点、活动内容及联系方式草案；真实日期、场地未确认前不发布。","未开始","未开始","","","","","演练","Asia/Shanghai","community-open-day-rehearsal","2026-10-07T09:25:31.005Z","假设演练｜30人社群共创开放日","c0a00000-0000-4000-8000-000000000900"
"c0a00000-0000-4000-8000-000000000104","演练：执行交底与逐项接力","准备","演练统筹A","","2026-10-16T17:00:00+08:00","2026-10-16T17:30:00+08:00","","","A、B与假设搭建团队逐项确认负责人、时间、完成条件和异常找谁；检查清单可由另一人复述。","未开始","未开始","","","","","演练","Asia/Shanghai","community-open-day-rehearsal","2026-10-07T09:25:31.005Z","假设演练｜30人社群共创开放日","c0a00000-0000-4000-8000-000000000900"
"c0a00000-0000-4000-8000-000000000105","演练：场地进场交接","布场","演练场务B","","2026-10-17T10:00:00+08:00","2026-10-17T10:30:00+08:00","","","现场核对空间状态、进撤场约定和物件原有损伤，实际发生后再填记录。","未开始","未开始","","","","","演练","Asia/Shanghai","community-open-day-rehearsal","2026-10-07T09:25:31.005Z","假设演练｜30人社群共创开放日","c0a00000-0000-4000-8000-000000000900"
"c0a00000-0000-4000-8000-000000000106","演练：到货清点与布置","布场","演练场务B","假设搭建团队（未确认）","2026-10-17T10:30:00+08:00","2026-10-17T11:30:00+08:00","","","清点5张共创桌、30把椅、签到台、背景板、展架、装饰各1件；短缺先记录，不用同名物件冒充。","未开始","未开始","c0a00000-0000-4000-8000-000000000001;c0a00000-0000-4000-8000-000000000002;c0a00000-0000-4000-8000-000000000003;c0a00000-0000-4000-8000-000000000004;c0a00000-0000-4000-8000-000000000005;c0a00000-0000-4000-8000-000000000006;c0a00000-0000-4000-8000-000000000007;c0a00000-0000-4000-8000-000000000008;c0a00000-0000-4000-8000-000000000009;c0a00000-0000-4000-8000-000000000010;c0a00000-0000-4000-8000-000000000011;c0a00000-0000-4000-8000-000000000012;c0a00000-0000-4000-8000-000000000013;c0a00000-0000-4000-8000-000000000014;c0a00000-0000-4000-8000-000000000015;c0a00000-0000-4000-8000-000000000016;c0a00000-0000-4000-8000-000000000017;c0a00000-0000-4000-8000-000000000018;c0a00000-0000-4000-8000-000000000019;c0a00000-0000-4000-8000-000000000020;c0a00000-0000-4000-8000-000000000021;c0a00000-0000-4000-8000-000000000022;c0a00000-0000-4000-8000-000000000023;c0a00000-0000-4000-8000-000000000024;c0a00000-0000-4000-8000-000000000025;c0a00000-0000-4000-8000-000000000026;c0a00000-0000-4000-8000-000000000027;c0a00000-0000-4000-8000-000000000028;c0a00000-0000-4000-8000-000000000029;c0a00000-0000-4000-8000-000000000030;c0a00000-0000-4000-8000-000000000031;c0a00000-0000-4000-8000-000000000032;c0a00000-0000-4000-8000-000000000033;c0a00000-0000-4000-8000-000000000034;c0a00000-0000-4000-8000-000000000035;c0a00000-0000-4000-8000-000000000036;c0a00000-0000-4000-8000-000000000037;c0a00000-0000-4000-8000-000000000038;c0a00000-0000-4000-8000-000000000039","","","","演练","Asia/Shanghai","community-open-day-rehearsal","2026-10-07T09:25:31.005Z","假设演练｜30人社群共创开放日","c0a00000-0000-4000-8000-000000000900"
"c0a00000-0000-4000-8000-000000000107","演练：动线与物料复核","布场","演练场务B","","2026-10-17T11:30:00+08:00","2026-10-17T12:00:00+08:00","","","按真实尺寸与场地方要求核对出入口、通道、桌椅状态和固定方式；样例坐标不能代替现场核对。","未开始","未开始","c0a00000-0000-4000-8000-000000000001;c0a00000-0000-4000-8000-000000000002;c0a00000-0000-4000-8000-000000000003;c0a00000-0000-4000-8000-000000000004;c0a00000-0000-4000-8000-000000000005;c0a00000-0000-4000-8000-000000000006;c0a00000-0000-4000-8000-000000000007;c0a00000-0000-4000-8000-000000000008;c0a00000-0000-4000-8000-000000000009;c0a00000-0000-4000-8000-000000000010;c0a00000-0000-4000-8000-000000000011;c0a00000-0000-4000-8000-000000000012;c0a00000-0000-4000-8000-000000000013;c0a00000-0000-4000-8000-000000000014;c0a00000-0000-4000-8000-000000000015;c0a00000-0000-4000-8000-000000000016;c0a00000-0000-4000-8000-000000000017;c0a00000-0000-4000-8000-000000000018;c0a00000-0000-4000-8000-000000000019;c0a00000-0000-4000-8000-000000000020;c0a00000-0000-4000-8000-000000000021;c0a00000-0000-4000-8000-000000000022;c0a00000-0000-4000-8000-000000000023;c0a00000-0000-4000-8000-000000000024;c0a00000-0000-4000-8000-000000000025;c0a00000-0000-4000-8000-000000000026;c0a00000-0000-4000-8000-000000000027;c0a00000-0000-4000-8000-000000000028;c0a00000-0000-4000-8000-000000000029;c0a00000-0000-4000-8000-000000000030;c0a00000-0000-4000-8000-000000000031;c0a00000-0000-4000-8000-000000000032;c0a00000-0000-4000-8000-000000000033;c0a00000-0000-4000-8000-000000000034;c0a00000-0000-4000-8000-000000000035;c0a00000-0000-4000-8000-000000000036;c0a00000-0000-4000-8000-000000000037;c0a00000-0000-4000-8000-000000000038;c0a00000-0000-4000-8000-000000000039","","","","演练","Asia/Shanghai","community-open-day-rehearsal","2026-10-07T09:25:31.005Z","假设演练｜30人社群共创开放日","c0a00000-0000-4000-8000-000000000900"
"c0a00000-0000-4000-8000-000000000108","演练：主持和签到走台","布场","演练统筹A","","2026-10-17T12:00:00+08:00","2026-10-17T12:30:00+08:00","","","A与B走一遍迟到入场、分组、展示、结束及异常接力；确认无需新增设备或把缺项记下。","未开始","未开始","c0a00000-0000-4000-8000-000000000036;c0a00000-0000-4000-8000-000000000037","","","","演练","Asia/Shanghai","community-open-day-rehearsal","2026-10-07T09:25:31.005Z","假设演练｜30人社群共创开放日","c0a00000-0000-4000-8000-000000000900"
"c0a00000-0000-4000-8000-000000000109","演练：开门前最终检查","布场","演练场务B","","2026-10-17T13:00:00+08:00","2026-10-17T13:30:00+08:00","","","对照任务与物料清单处理待复核项；缺关键物料或现场条件不符时，交统筹决定缩减、替换或延迟。","未开始","未开始","c0a00000-0000-4000-8000-000000000001;c0a00000-0000-4000-8000-000000000002;c0a00000-0000-4000-8000-000000000003;c0a00000-0000-4000-8000-000000000004;c0a00000-0000-4000-8000-000000000005;c0a00000-0000-4000-8000-000000000006;c0a00000-0000-4000-8000-000000000007;c0a00000-0000-4000-8000-000000000008;c0a00000-0000-4000-8000-000000000009;c0a00000-0000-4000-8000-000000000010;c0a00000-0000-4000-8000-000000000011;c0a00000-0000-4000-8000-000000000012;c0a00000-0000-4000-8000-000000000013;c0a00000-0000-4000-8000-000000000014;c0a00000-0000-4000-8000-000000000015;c0a00000-0000-4000-8000-000000000016;c0a00000-0000-4000-8000-000000000017;c0a00000-0000-4000-8000-000000000018;c0a00000-0000-4000-8000-000000000019;c0a00000-0000-4000-8000-000000000020;c0a00000-0000-4000-8000-000000000021;c0a00000-0000-4000-8000-000000000022;c0a00000-0000-4000-8000-000000000023;c0a00000-0000-4000-8000-000000000024;c0a00000-0000-4000-8000-000000000025;c0a00000-0000-4000-8000-000000000026;c0a00000-0000-4000-8000-000000000027;c0a00000-0000-4000-8000-000000000028;c0a00000-0000-4000-8000-000000000029;c0a00000-0000-4000-8000-000000000030;c0a00000-0000-4000-8000-000000000031;c0a00000-0000-4000-8000-000000000032;c0a00000-0000-4000-8000-000000000033;c0a00000-0000-4000-8000-000000000034;c0a00000-0000-4000-8000-000000000035;c0a00000-0000-4000-8000-000000000036;c0a00000-0000-4000-8000-000000000037;c0a00000-0000-4000-8000-000000000038;c0a00000-0000-4000-8000-000000000039","","","","演练","Asia/Shanghai","community-open-day-rehearsal","2026-10-07T09:25:31.005Z","假设演练｜30人社群共创开放日","c0a00000-0000-4000-8000-000000000900"
"c0a00000-0000-4000-8000-000000000110","演练：签到与入场","活动","演练场务B","","2026-10-17T13:30:00+08:00","2026-10-17T14:00:00+08:00","","","记录实际到场人数并引导到组；迟到者有明确接待人，不以报名人数代替到场数。","未开始","未开始","c0a00000-0000-4000-8000-000000000036","","","","演练","Asia/Shanghai","community-open-day-rehearsal","2026-10-07T09:25:31.005Z","假设演练｜30人社群共创开放日","c0a00000-0000-4000-8000-000000000900"
"c0a00000-0000-4000-8000-000000000111","演练：开场与规则说明","活动","演练统筹A","","2026-10-17T14:00:00+08:00","2026-10-17T14:15:00+08:00","","","说明共创目标、分组、成果形式与结束时间；现场调整单独记录。","未开始","未开始","c0a00000-0000-4000-8000-000000000037","","","","演练","Asia/Shanghai","community-open-day-rehearsal","2026-10-07T09:25:31.005Z","假设演练｜30人社群共创开放日","c0a00000-0000-4000-8000-000000000900"
"c0a00000-0000-4000-8000-000000000112","演练：五组共创","活动","演练统筹A","","2026-10-17T14:15:00+08:00","2026-10-17T15:15:00+08:00","","","每组形成一份可展示的成果草案；记录协作卡点，成果数量按实际统计。","未开始","未开始","c0a00000-0000-4000-8000-000000000001;c0a00000-0000-4000-8000-000000000008;c0a00000-0000-4000-8000-000000000015;c0a00000-0000-4000-8000-000000000022;c0a00000-0000-4000-8000-000000000029;c0a00000-0000-4000-8000-000000000002;c0a00000-0000-4000-8000-000000000003;c0a00000-0000-4000-8000-000000000004;c0a00000-0000-4000-8000-000000000005;c0a00000-0000-4000-8000-000000000006;c0a00000-0000-4000-8000-000000000007;c0a00000-0000-4000-8000-000000000009;c0a00000-0000-4000-8000-000000000010;c0a00000-0000-4000-8000-000000000011;c0a00000-0000-4000-8000-000000000012;c0a00000-0000-4000-8000-000000000013;c0a00000-0000-4000-8000-000000000014;c0a00000-0000-4000-8000-000000000016;c0a00000-0000-4000-8000-000000000017;c0a00000-0000-4000-8000-000000000018;c0a00000-0000-4000-8000-000000000019;c0a00000-0000-4000-8000-000000000020;c0a00000-0000-4000-8000-000000000021;c0a00000-0000-4000-8000-000000000023;c0a00000-0000-4000-8000-000000000024;c0a00000-0000-4000-8000-000000000025;c0a00000-0000-4000-8000-000000000026;c0a00000-0000-4000-8000-000000000027;c0a00000-0000-4000-8000-000000000028;c0a00000-0000-4000-8000-000000000030;c0a00000-0000-4000-8000-000000000031;c0a00000-0000-4000-8000-000000000032;c0a00000-0000-4000-8000-000000000033;c0a00000-0000-4000-8000-000000000034;c0a00000-0000-4000-8000-000000000035","","","","演练","Asia/Shanghai","community-open-day-rehearsal","2026-10-07T09:25:31.005Z","假设演练｜30人社群共创开放日","c0a00000-0000-4000-8000-000000000900"
"c0a00000-0000-4000-8000-000000000113","演练：休息与现场巡查","活动","演练场务B","","2026-10-17T15:15:00+08:00","2026-10-17T15:30:00+08:00","","","核对物料和人员状态，处理需要协助的参与者，为展示重新确认空间。","未开始","未开始","","","","","演练","Asia/Shanghai","community-open-day-rehearsal","2026-10-07T09:25:31.005Z","假设演练｜30人社群共创开放日","c0a00000-0000-4000-8000-000000000900"
"c0a00000-0000-4000-8000-000000000114","演练：成果展示","活动","演练统筹A","","2026-10-17T15:30:00+08:00","2026-10-17T16:15:00+08:00","","","按组完成展示，确认内容可呈现并获得参与者对传播用途的明确选择，不默认公开。","未开始","未开始","c0a00000-0000-4000-8000-000000000038;c0a00000-0000-4000-8000-000000000037","","","","演练","Asia/Shanghai","community-open-day-rehearsal","2026-10-07T09:25:31.005Z","假设演练｜30人社群共创开放日","c0a00000-0000-4000-8000-000000000900"
"c0a00000-0000-4000-8000-000000000115","演练：交流与反馈","活动","演练统筹A","","2026-10-17T16:15:00+08:00","2026-10-17T16:40:00+08:00","","","收集体验反馈、执行问题和愿意继续联系的意向；没有反馈时保留未知，不生成满意度成绩。","未开始","未开始","","","","","演练","Asia/Shanghai","community-open-day-rehearsal","2026-10-07T09:25:31.005Z","假设演练｜30人社群共创开放日","c0a00000-0000-4000-8000-000000000900"
"c0a00000-0000-4000-8000-000000000116","演练：结束提醒与合影","活动","演练统筹A","","2026-10-17T16:40:00+08:00","2026-10-17T17:00:00+08:00","","","告知结束与后续安排，合影参与自愿；对外发布素材另行核对。","未开始","未开始","c0a00000-0000-4000-8000-000000000037","","","","演练","Asia/Shanghai","community-open-day-rehearsal","2026-10-07T09:25:31.005Z","假设演练｜30人社群共创开放日","c0a00000-0000-4000-8000-000000000900"
"c0a00000-0000-4000-8000-000000000117","演练：撤场与物料归还","撤场","演练场务B","假设搭建团队（未确认）","2026-10-17T17:00:00+08:00","2026-10-17T17:45:00+08:00","","","逐件清点、记录缺失损坏、归还去向和待处理人；不以全选完成代替实物清点。","未开始","未开始","c0a00000-0000-4000-8000-000000000001;c0a00000-0000-4000-8000-000000000002;c0a00000-0000-4000-8000-000000000003;c0a00000-0000-4000-8000-000000000004;c0a00000-0000-4000-8000-000000000005;c0a00000-0000-4000-8000-000000000006;c0a00000-0000-4000-8000-000000000007;c0a00000-0000-4000-8000-000000000008;c0a00000-0000-4000-8000-000000000009;c0a00000-0000-4000-8000-000000000010;c0a00000-0000-4000-8000-000000000011;c0a00000-0000-4000-8000-000000000012;c0a00000-0000-4000-8000-000000000013;c0a00000-0000-4000-8000-000000000014;c0a00000-0000-4000-8000-000000000015;c0a00000-0000-4000-8000-000000000016;c0a00000-0000-4000-8000-000000000017;c0a00000-0000-4000-8000-000000000018;c0a00000-0000-4000-8000-000000000019;c0a00000-0000-4000-8000-000000000020;c0a00000-0000-4000-8000-000000000021;c0a00000-0000-4000-8000-000000000022;c0a00000-0000-4000-8000-000000000023;c0a00000-0000-4000-8000-000000000024;c0a00000-0000-4000-8000-000000000025;c0a00000-0000-4000-8000-000000000026;c0a00000-0000-4000-8000-000000000027;c0a00000-0000-4000-8000-000000000028;c0a00000-0000-4000-8000-000000000029;c0a00000-0000-4000-8000-000000000030;c0a00000-0000-4000-8000-000000000031;c0a00000-0000-4000-8000-000000000032;c0a00000-0000-4000-8000-000000000033;c0a00000-0000-4000-8000-000000000034;c0a00000-0000-4000-8000-000000000035;c0a00000-0000-4000-8000-000000000036;c0a00000-0000-4000-8000-000000000037;c0a00000-0000-4000-8000-000000000038;c0a00000-0000-4000-8000-000000000039","","","","演练","Asia/Shanghai","community-open-day-rehearsal","2026-10-07T09:25:31.005Z","假设演练｜30人社群共创开放日","c0a00000-0000-4000-8000-000000000900"
"c0a00000-0000-4000-8000-000000000118","演练：空间交还","撤场","演练场务B","","2026-10-17T17:45:00+08:00","2026-10-17T18:00:00+08:00","","","与实际场地方确认空间复原及遗留事项；未确认的费用和损坏不写已结清。","未开始","未开始","","","","","演练","Asia/Shanghai","community-open-day-rehearsal","2026-10-07T09:25:31.005Z","假设演练｜30人社群共创开放日","c0a00000-0000-4000-8000-000000000900"
"c0a00000-0000-4000-8000-000000000119","演练：复盘与下一次改进","撤场","演练统筹A","","2026-10-18T10:00:00+08:00","2026-10-18T11:00:00+08:00","","","对照目标回看实际到场、5组成果、体验反馈、执行偏差和费用待核项；明确一个保留做法和一个改进责任。","未开始","未开始","","","","","演练","Asia/Shanghai","community-open-day-rehearsal","2026-10-07T09:25:31.005Z","假设演练｜30人社群共创开放日","c0a00000-0000-4000-8000-000000000900"